id,name,model_id:id,group_id:id,perm_read,perm_write,perm_create,perm_unlink
access_account_cheque,account.cheque,model_account_cheque,,1,1,1,0
access_account_cheque_log,account.cheque.log,model_account_cheque_log,,1,1,1,0
access_account_cheque_report,account.cheque.report,model_account_cheque_report,,1,1,1,1
access_account_cheque_bank_collect,account.cheque.bank.collect,model_account_cheque_bank_collect,,1,1,1,1
access_account_cheque_return,account.cheque.return,model_account_cheque_return,,1,1,1,1
access_account_cheque_deposit,account.cheque.deposit,model_account_cheque_deposit,,1,1,1,1
access_account_cheque_transfer,account.cheque.transfer,model_account_cheque_transfer,,1,1,1,1
access_account_cheque_return_customer,account.cheque.return.customer,model_account_cheque_return_customer,,1,1,1,1
access_account_cheque_cash,account.cheque.cash,model_account_cheque_cash,,1,1,1,1
